"1"|"С мясом"|"1520"|"Несладкий"
"3"|"С овощами и брынзой"|"1280"|"Несладкий"
"4"|"Со шпинатом и сыром фета"|"1200"|"Несладкий"
"6"|"С капустой"|"960"|"Несладкий"
"7"|"С картофелем и грибами"|"1120"|"Несладкий"
"8"|"С курицей и помидорами"|"1280"|"Несладкий"
"9"|"С малиной"|"1200"|"Сладкий"
"10"|"С вишней"|"1360"|"Сладкий"
"12"|"С яблоком и корицей"|"960"|"Сладкий"
"13"|"С маком"|"960"|"Сладкий"
"14"|"С творогом"|"960"|"Сладкий"
"15"|"С черникой"|"1040"|"Сладкий"
"16"|"Cо смородиной"|"1040"|"Сладкий"
"40"|"Курник настоящий"|"1280"|"Несладкий"
"42"|"С лимоном"|"880"|"Сладкий"
"47"|"С зеленым луком и яйцом"|"960"|"Несладкий"
"88"|"С индейкой и черносливом"|"1280"|"Несладкий"
"89"|"С клюквой"|"1040"|"Сладкий"
"90"|"С лесными ягодами"|"1120"|"Сладкий"
"92"|"C тыквой и маскарпоне"|"1040"|"Сладкий"
"94"|"Вишня сердцем"|"1380"|"Сезонный"
"95"|"Малина сердцем"|"1300"|"Сезонный"
"96"|"Брусника сердцем"|"1300"|"Сезонный"
"120"|"Каравай <em>1.5кг</em>"|"1000"|"Каравай"
"121"|"С капустой и луком"|"960"|"Постный несладкий"
"122"|"С капустой и грибами"|"1040"|"Постный несладкий"
"123"|"С гречкой и грибами"|"1040"|"Постный несладкий"
"124"|"С картофелем и грибами"|"1040"|"Постный несладкий"
"125"|"С овощами"|"1280"|"Постный несладкий"
"130"|"С брусникой"|"1200"|"Сладкий"
"132"|"Кулич"|"1000"|"Кулич"
"141"|"С форелью и шпинатом"|"1680"|"Несладкий"
"148"|"С бараниной и овощами"|"1440"|"Несладкий"
"152"|"Черника сердцем"|"1140"|"Сезонный"
"155"|"Блины с мясом"|"360"|"Блины"
"156"|"Блины с ягодами и маскарпоне"|"380"|"Блины"
"157"|"Блины с форелью и сыром Филадельфия"|"380"|"Блины"
"181"|"С вишней"|"1280"|"Постный сладкий"
"183"|"С яблоком и корицей"|"880"|"Постный сладкий"
"195"|"С клубникой и творогом"|"1200"|"Сладкий"
"236"|"С вишней и творогом"|"1360"|"Сладкий"
"247"|"Блин"|"50"|"Блины"
"300"|"С уткой и яблоками"|"1600"|"Несладкий"
"305"|"С хурмой и творогом"|"1120"|"Сезонный"
"346"|"С красной смородиной и творогом"|"1120"|"Сладкий"
"352"|"С кроликом и тыквой"|"1440"|"Несладкий"
